PID,Name,Title,PublicationType,ContentType,Language,Journal,JournalISSN,JournalEISSN,Status,Volume,Issue,HostPublication,StartPage,EndPage,Year,Edition,Pages,City,Publisher,Series,SeriesISSN,SeriesEISSN,ISBN,Urls,ISRN,DOI,ISI,PMID,ScopusId,NBN,LocalId,ArchiveNumber,Keywords,Categories,ResearchSubjects,Projects,Notes,Abstract,Opponents,Supervisors,Examiners,Patent,ThesisLevel,Credits,Programme,Subject,Uppsok,DefencePlace,DefenceLanguage,DefenceDate,CreatedDate,PublicationDate,LastUpdated,FullTextLink,Funder,NumberOfAuthors,ExternalCooperation,FridaLevel,PartOfThesis,PublicationSubtype,Conference,Term,ArticleId,Reviewed,FreeFulltext,SustainableDevelopment,Contributor
1507542,"Zackariasson, Maria [shmazn09] [0000-0002-0223-8739] (Södertörns högskola [481], Institutionen för historia och samtidsstudier [11802], Etnologi [11806]) (Södertörns högskola [481], Lärarutbildningen [873601]);Magnusson, Jenny [shjymn08] [0000-0002-0280-9095] (Södertörns högskola [481], Institutionen för kultur och lärande [11809], Svenska [11820]) (Södertörns högskola [481], Lärarutbildningen [873601])",Academic literacies and international mobility. The organization and supervision of degree projects in Sweden and Russia,Artikel i tidskrift,Refereegranskat,eng,Cogent Education,NA,2331-186X,published,7,1,NA,NA,NA,2020,NA,NA,NA,Taylor & Francis,NA,NA,NA,NA,NA,NA,10.1080/2331186X.2020.1855770,000596856200001,NA,2-s2.0-85097385613,urn:nbn:se:sh:diva-42487,2015/3.1.1/1423,NA,international student mobility;higher education;academic literacies;academic writing;degree projects;teacher education;journalism education;Sweden;Russia,Etnologi (60503);Utbildningsvetenskap (503);Språk och litteratur (602),Baltic and East European studies,NA,NA,"<p>In this article we will discuss how circumstances and requirements on a micro-level may be of relevance for the conditions for international student mobility within higher education. This will be done through examining similarities and differences in the organization of degree project courses at universities in Russia and Sweden, and how supervisors and course representatives described their experiences of working with them. International mobility is often described as having the potential of improving quality within higher education institutions and benefiting individuals through offering new experiences and perspectives. But the changing of academic contexts, which international mobility involves, demands a great deal of adjustment from the individual student and can be a complicated process.</p><p>Through examining similarities and differences in comparable courses at universities in two countries, this article aims to say something about what characterizes different local academic contexts and thus the differences in expectations students may encounter when going between them, here in particular concerning academic writing and the relationship to the supervisor. The article is based on empirical material from a qualitative research project on journalism education and teacher education in Sweden and Russia, and the discussion will be related to the concept academic literacies.</p>",NA,NA,NA,NA,NA,NA,NA,NA,NA,NA,NA,NA,2020-12-08,2020-12-08,2020-12-28,http://sh.diva-portal.org/smash/get/diva2:1507542/FULLTEXT02.pdf,Östersjöstiftelsen [73/2015],2,NA,1,NA,NA,NA,NA,1855770,TRUE,TRUE,NA,NA
1382029,"Tobieson, Ulrika [shuatn11] (Södertörns högskola [481], Lärarutbildningen [873601], Lärarutbildning och Estetiska lärprocesser [886703]);Mutvei, Ann [shanmz] (Södertörns högskola [481], Institutionen för naturvetenskap, miljö och teknik [11831], Matematikens didaktik [15800])",Aesthetic Expression Enhances and Deepens Teacher Students Understanding of Science Subject Matter,Konferensbidrag,Refereegranskat,eng,NA,NA,NA,NA,NA,7,"New perspectives in science education : 7th edition: Florence, Italy, 22-23 March 2018",NA,NA,2018,NA,NA,NA,Libreriauniversitaria.it,International conference New perspectives in science education,2420-9732,NA,8862929765,https://conference.pixel-online.net/NPSE/prevedition.php?id_edition=27&mat=CPR,NA,NA,NA,NA,NA,urn:nbn:se:sh:diva-39683,NA,NA,Aesthetic expression;integrating art with science;learning outcome;,Didaktik (50302),NA,NA,NA,"<p>Courses and modules within undergraduate programs should be developed and implemented in a way that the students experience deepens and contributes growth of knowledge. Therefore, as teachers we must create a variation of different learning possibilities in order to challenge, motivate and enhance the understanding of theories and abstract models in science and their impact on everyday life experience and conditions. Södertörn University has experience of combining aesthetic expression with science in pre-service teacher program for about fifteen years where we have seen the benefits of embodying abstract theories through art for a better understanding of science subject matter. The integration of science and aesthetic forms of expressions is supported by the Swedish curriculum both for preschool and compulsory school. We use an interdisciplinary knowledge based environmental teaching, basing part of the reflection process with a frame in phenomenology and art-based intermodal theory. Intermodal theory coined by professor emeritus Paolo Knill starts with amodal-perception. Perception as “the ability to see, hear, or become aware of something through the senses” while observation is described as “the action or process of closely observing or monitoring something or someone” were observe is to “notice or perceive (something) and register it as being significant” [1]. Thus, observation is a more complex action where it is necessary to interpret the gathering of what has been paid attention to by perceiving without judgment and putting it into a coherent context. Here we present integration of Aesthetic learning process with science subject matter in order to enhance and deepen students understanding. This was performed in a ten-week science course with a total of 54 pre-service preschool teacher students. We worked with and created two- and three-dimensional images and kinetic-aesthetic sculptures parting from phenomenon such as friction and gravity, the phases of Venus and the moon, different materials isolation and conductive qualities etc. Nearly two years after completed science-course the students answered a questionnaire demonstrated several perspectives of understanding.</p>",NA,NA,NA,NA,NA,NA,NA,NA,NA,NA,NA,NA,2019-12-31,2019-12-31,2022-04-08,http://sh.diva-portal.org/smash/get/diva2:1382029/FULLTEXT01.pdf,NA,2,NA,0,NA,publishedPaper,"New Perspective in Science Education, Florence, March 22-23, 2018.",NA,NA,TRUE,TRUE,NA,NA
1358632,"Zackariasson, Maria [shmazn09] [0000-0002-0223-8739] (Södertörns högskola [481], Institutionen för historia och samtidsstudier [11802], Etnologi [11806]) (Södertörns högskola [481], Lärarutbildningen [873601])",Balansen mellan att uppmuntra och ställa krav. En reflektion över studenters uppsatsskrivande i relation till stress och stöttning,Artikel i tidskrift,Refereegranskat,swe,Högre Utbildning,2000-7558,2000-7558,published,9,2,NA,15,24,2019,NA,NA,NA,Cappelen Damm Akademisk,NA,NA,NA,NA,NA,NA,10.23865/hu.v9.1662,NA,NA,NA,urn:nbn:se:sh:diva-39130,NA,NA,självständiga arbeten;uppsatsskrivande;scaffolding;stöttning;stress;lärarutbildning,Etnologi (60503);Utbildningsvetenskap (503),Studies in the Educational Sciences,NA,NA,"<p>När studenter ska skriva sin första stora uppsats, det vill säga det som i högskoleförordningen betecknas ”självständigt arbete”, möter de delvis andra krav och förväntningar än de stött på tidigare under sin utbildning. Det kan gälla till exempel hur självständiga de förväntas vara, men också att de ska skriva en text som inte bara visar vad de själva har lärt sig utan som också andra kan lära sig av. För några är detta en spännande utmaning, som de ser fram emot, men för andra kan uppgiften framstå som skrämmande och stressande. Hur ska man som kursansvarig kunna entusiasmera och motivera studenter för uppgiften att skriva sitt självständiga arbete, när man samtidigt vill få dem att inse att uppsatsarbetet kan vara både svårt och utmanande och att de måste arbeta hårt för att klara av det?</p><p>I denna artikel använder jag scaffolding som teoretisk utgångspunkt för att reflektera över detta, i ett resonemang runt vad stress och stöttning kan innebära i detta sammanhang och hur relationen dem emellan kan se ut. Jag utgår från mina erfarenheter som kursansvarig på en självständigt arbete-kurs på ett av lärarutbildningens program.</p>",NA,NA,NA,NA,NA,NA,NA,NA,NA,NA,NA,NA,2019-10-08,2019-10-08,2022-02-25,http://sh.diva-portal.org/smash/get/diva2:1358632/FULLTEXT01.pdf,Östersjöstiftelsen [73/2015],1,NA,1,NA,NA,NA,NA,NA,TRUE,TRUE,NA,NA
899311,"Andersson, Pernilla [shpaan11] [0000-0002-0045-1587] (Södertörns högskola [481], Institutionen för naturvetenskap, miljö och teknik [11831], Miljövetenskap [11837]) (Södertörns högskola [481], Lärarutbildningen [873601])",Business as un-usual through dislocatory moments – change for sustainability and scope for subjectivity in classroom practice,Artikel i tidskrift,Refereegranskat,eng,Environmental Education Research,1350-4622,1469-5871,published,24,5,NA,648,662,2018,NA,NA,NA,Routledge,NA,NA,NA,NA,NA,NA,10.1080/13504622.2017.1320704,000427553000002,NA,2-s2.0-85018856460,urn:nbn:se:sh:diva-29406,NA,NA,Discourse analysis;dislocation;logics;subjectification;environment and sustainability education;classroom observations;Practical Epistemology Analysis,Didaktik (50302);Miljövetenskap (10502);Utbildningsvetenskap (503),Environmental Studies,NA,<p>Som manuskript i avhandling. As manuscript in dissertation.</p><p>Title: Business as unusual through dislocatory moments</p>,"<p>This paper makes a contribution to the debate that has been described as a tension between instrumental and emancipatory educational objectives in environment and sustainability education. The contribution involves a methodological approach (introd-) using the concept ‘dislocatory moments’, to identify and analyse moments in classroom practice that address educational objectives relating to ‘change for sustainability’ <em>and</em> ‘thinking and acting independently’. A case of business education, when ‘sustainable development’ is integrated in a series of lessons, is used to exemplify the approach involving analysis of the emergence and closure of a dislocatory moment and the change of logics that occur. The illustrative case shows how <em>room for subjectivity</em> and <em>change</em> can be intertwined in educational practice. It is suggested that the methodological approach could be used in empirical research of classroom practice to further knowledge about the kind of situations that contribute to ‘business as <em>un</em>-usual’ without compromising emancipatory education ideals.</p>",NA,NA,NA,NA,NA,NA,NA,NA,NA,NA,NA,NA,2016-01-29,2016-02-01,2020-03-30,NA,NA,1,NA,1,urn:nbn:se:sh:diva-29400,NA,NA,NA,NA,TRUE,NA,NA,NA
1195129,"Samuelsson, Robin [shrnsn15] [0000-0002-8110-6506] (Södertörns högskola [481], Institutionen för kultur och lärande [11809], Svenska [11820]) (Södertörns högskola [481], Lärarutbildningen [873601])",Children's explorations of the concept of spinning in preschool : Science learning in mediated activity,Artikel i tidskrift,Refereegranskat,eng,"Learning, Culture and Social Interaction",2210-6561,2210-657X,published,17,NA,NA,90,102,2018,NA,NA,NA,Elsevier,NA,NA,NA,NA,NA,NA,10.1016/j.lcsi.2018.01.002,000435621100007,NA,2-s2.0-85044357526,urn:nbn:se:sh:diva-34825,NA,NA,Conceptual learning;Preschool;Perception;Artifact;Mediation,Utbildningsvetenskap (503),NA,NA,NA,"<p>This paper examines how children explore the concept of spinning during a preschool project. It takes a cultural-historical approach, and analyzes how artifacts can be used in development of abstract concepts. In line with the pedagogical goals teachers employ these in learning activities during the project in line with their pedagogical goals. Children encounter the activities with different linguistic and perceptual means; there is, however, across the project a shift towards learning activities that promote verbal explanations. The interrelation of verbal and perceptual means, suggest ways in how children dynamically develop abstract concepts out of perceptual knowledge in activities with appropriate artifacts and teacher scaffolding.</p>",NA,NA,NA,NA,NA,NA,NA,NA,NA,NA,NA,NA,2018-04-04,2018-04-04,2020-04-02,http://sh.diva-portal.org/smash/get/diva2:1195129/FULLTEXT01.pdf,NA,1,NA,1,urn:nbn:se:sh:diva-38083,NA,NA,NA,NA,TRUE,NA,NA,NA
1244292,"Moerman, Paul [shplmn07] [0000-0001-6507-3399] (Södertörns högskola [481], Lärarutbildningen [873601], Lärarutbildning och Estetiska lärprocesser [886703])","Dance Art, Math, Education – An Eternal Triangle",Konferensbidrag,Refereegranskat,eng,NA,NA,NA,NA,NA,NA,"Proceedings of Bridges 2018 on Mathematics, Art, Music, Architecture, Education, Culture",347,350,2018,NA,NA,"Phoenix, Arizona",NA,Bridges 2018,1099-6702,NA,978-1-938664-27-4,http://archive.bridgesmathart.org/2018/bridges2018-347.pdf,NA,NA,NA,NA,NA,urn:nbn:se:sh:diva-36213,NA,NA,Dance. Art. Math. Education. Teaching and learning. Aesthetics. Aesthetic literacy. Aesthetic experience,Pedagogik (50301),Other research area,Konst och pedagogik,NA,"<p>This paper discusses the nature of art activity, such as dance, in teaching and learning subject matter, such as math, querying what is left from the artistic when art is put to serve a cause, such as education. Does any partner, dance, math or education gain or give up more in the triangular affair?</p>",NA,NA,NA,NA,NA,NA,NA,NA,NA,NA,NA,NA,2018-08-31,2018-08-31,2022-04-08,http://sh.diva-portal.org/smash/get/diva2:1244292/FULLTEXT01.pdf,NA,1,NA,0,NA,publishedPaper,"Bridges 2018 on Mathematics, Art, Music, Architecture, Education, Culture, Stockholm, 25-29 July 2018",NA,NA,TRUE,TRUE,NA,NA
1637550,"Moerman, Paul [shplmn07] [0000-0001-6507-3399] (Södertörns högskola [481], Lärarutbildningen [873601], Lärarutbildning och Estetiska lärprocesser [886703]) (University of Jyväskylä, Finland)",Dancing with the Other : Esthetic Experience and Ethical Responsiveness in an Education for the Self Becoming,"Kapitel i bok, del av antologi",Övrigt vetenskapligt,eng,NA,NA,NA,NA,NA,NA,Academia from the Inside : Pedagogies for Self and Other,195,214,2021,NA,NA,Cham,Palgrave Macmillan,NA,NA,NA,978-3-030-83894-2;978-3-030-83895-9,NA,NA,10.1007/978-3-030-83895-9_9,NA,NA,NA,urn:nbn:se:sh:diva-48398,NA,NA,NA,Utbildningsvetenskap (503);Scenkonst (60404),NA,NA,NA,"<p>In this chapter, I advocate the opening of spaces in education and academia for dance. Viewing dance and education as ways to enter into dialogue with the world, I explore the potentiality of dance in education as a mode of (kin)esthetic experiencing and a modality to ethically respond to otherness. My lines of thinking shift focus from the self to being with others, from predefined knowledge to the unpredictable, from education concerned with fulfilling universal ideas of humanism to education as a space for the unique human subject becoming, for plurality and coexistence in a challenged world calling upon us to act together. A study is reviewed of my teaching and learning program Dancing with the Other, probing the theoretical framework in hands-on dance on the floor.</p>",NA,NA,NA,NA,NA,NA,NA,NA,NA,NA,NA,NA,2022-02-14,2022-02-14,2022-04-08,NA,NA,1,NA,2,NA,NA,NA,NA,NA,TRUE,NA,NA,NA
1637686,"Moerman, Paul [shplmn07] [0000-0001-6507-3399] (Södertörns högskola [481], Lärarutbildningen [873601], Lärarutbildning och Estetiska lärprocesser [886703]) (Jyväskylä University, Art Education, Finland)","Dans som undervisning : Dans, pedagogik, estetik, etik: teori och metod",Bok,Övrigt vetenskapligt,swe,NA,NA,NA,NA,NA,NA,NA,NA,NA,2021,1,260,Lund,Studentlitteratur AB,NA,NA,NA,978-91-44-14374-3,NA,NA,NA,NA,NA,NA,urn:nbn:se:sh:diva-48400,NA,NA,Arts and Education;Dance;Dance Education;Aesthetics;Ethics;Teacher Education;Educational Theory;Philosophy of Education;Konst och utbildning;Dans;Dansdidaktik;Estetik;Etik;Lärarutbildning,Pedagogik (50301);Scenkonst (60404),Studies in the Educational Sciences,NA,NA,"<p>I boken presenterar författaren en teoretisk grund i spänningsfältet mellan danskonst och pedagogik, förankrad hos utbildningsteoretikern Gert Biesta, pragmatikern John Dewey och danspedagogen och forskaren Susan Stinson, samt en handfast dansmetodik för förskolans, skolans och fritidshemmets pedagogiska verksamhet. Dans erbjuder barnet och eleven ett sätt att öppna sig för världen och med sin handlingskraft och fantasi gå i dialog med den, att estetiskt erfara en värld av kunskap och att etiskt vara med andra. På så sätt kan dans undervisa om vad det innebär att vara i världen, den värld vi är satta till att gemensamt förvalta och ta hand om. <em>Dans som undervisning</em> vänder sig i första hand till lärare och lärarstudenter inom förskola och grundskola, anpassad skola och fritidshem som vill utveckla formerna för sin undervisning i dans, språk, matematik och naturkunskap, men också till beslutsfattare, skolledare, föräldrar och andra som är intresserade av dansens och konstens djupare betydelse för utbildning och pedagogik.</p>",NA,NA,NA,NA,NA,NA,NA,NA,NA,NA,NA,NA,2022-02-14,2022-02-14,2022-04-08,NA,NA,1,NA,1,NA,NA,NA,NA,NA,TRUE,NA,NA,NA
1307774,"Samuelsson, Robin [shrnsn15] [0000-0002-8110-6506] (Södertörns högskola [481], Institutionen för kultur och lärande [11809], Svenska [11820]) (Södertörns högskola [481], Lärarutbildningen [873601])",Environments for Imitation : Second-Language Use and Development through Embodied Participation in Preschool Routine Activities,Artikel i tidskrift,Refereegranskat,eng,Journal of Research in Childhood Education,0256-8543,2150-2641,published,35,1,NA,22,40,2021,NA,NA,NA,Routledge,NA,NA,NA,NA,NA,NA,10.1080/02568543.2020.1734121,000523643200001,NA,2-s2.0-85082935690,urn:nbn:se:sh:diva-38082,NA,NA,Communication;cultural affordances;early care and education;embodiment;guided play;language development;play environments;second language learning,Didaktik (50302);Tillämpad psykologi (50102);Lärande (50303),NA,NA,<p>Som manuskript i avhandling. As manuscript in dissertation.</p>,"<p>This article examines how the environment and routines within preschools can support second language use and development. It suggests that certain imitable aspects common to Swedish preschools make the environment suitable for L2 use and development. Data build on a qualitative synthesis of two studies from which typical routine activities where children with Swedish as L2 participate are analyzed. It is suggested that properties of the preschool routine activities follow certain interactional patterns and build on imitable cultural scripts that can aid L2 use through embodied participation or nonverbal and verbal interaction. The settings are as such suitable for child participation and can afford L2 development. In children’s play, the same cultural patterns and forms of language are used, making them an extension of some routine activities and an important arena to practice cultural knowledge with the developing L2.</p>",NA,NA,NA,NA,NA,NA,NA,NA,NA,NA,NA,NA,2019-04-29,2019-04-29,2021-01-07,NA,NA,1,NA,1,urn:nbn:se:sh:diva-38083,NA,NA,NA,NA,TRUE,TRUE,NA,NA
1429934,"Selling, Jan [shjnsg16] [0000-0001-7386-3462] (Södertörns högskola [481], Institutionen för kultur och lärande [11809], Pedagogik [11818]) (Forum för romska studier);Lindqvist, Anna [shaalt04] (Södertörns högskola [481], Lärarutbildningen [873601], Lärarutbildning och Estetiska lärprocesser [886703]) (Forum för romska studier);Jahanmahan, Farhad [shfdjn08] (Södertörns högskola [481], Institutionen för kultur och lärande [11809], Pedagogik [11818]) (Forum för romska studier);Mjöberg Lauritzen, Solvor [somj19] [0000-0003-1357-775x] (Södertörns högskola [481], Institutionen för kultur och lärande [11809], Pedagogik [11818]) (Forum för romska studier)",Från interkulturell pedagogik till romska studier : En festskrift för Christina Rodell Olgaç,Samlingsverk (redaktörskap),Övrigt vetenskapligt,swe,NA,NA,NA,NA,NA,NA,NA,NA,NA,2020,200,158,Nässjö,Östkultur förlag,NA,NA,NA,978-91-519-5180-5,NA,NA,NA,NA,NA,NA,urn:nbn:se:sh:diva-40679,NA,NA,NA,Pedagogik (50301),NA,NA,NA,"<p>Föreliggande volym är en festskrift för att hylla docenten i pedagogik, Christina Rodell Olgaç för hennes akademiska insatser inom pedagogik och romska studier genom forskning, utbildning och samverkan.</p><p>Boken har en särskild aktualitet, då romska studier vid Södertörns högskola är i färd med att utveckla en egen ämnesidentitet, vilket är unikt i Norden. Rodell Olgaç har lagt en viktig grund till denna utveckling, som även hänger intimt samman med den politiska processen att förverkliga den romska nationella minoritetens rättigheter.</p><p>De 16 medverkande skribenterna känner inte nödvändigtvis varandra, men har i någon mån alla medverkat i eller inspirerats av Christina Rodell Olgaçs verksamhet. Deras ämnesval har varit fritt. Det innebär att antologin inte har ambitionen att ge uttömmande svar på bestämda frågor. Istället blir effekten att texterna direkt och indirekt belyser varandra. Bidragen är disponerade utifrån de tre teman som antologins redaktörer uppfattat vara centrala för henne: interkulturalitet som teori och praktik, minoritetsrättigheter och romska studier. </p><p>Medverkande skribenter:</p><p>Jan Selling (huvudredaktör), Farhad Jahanmahan Anna Lindqvist och Solvor Mjøberg Lauritzen. Medverkande skribenter; María Borgström, Angelina Dimiter-Taikon, Maria Dumitru, Katrin Goldstein-Kyaga, Farhad Jahanmahan, Angéla Kóczé, Pirjo Lahdenperä, Solvor Mjøberg, Anna Lindqvist, Anders J Persson, Andreas Pettersson, René León-Rosales, Jan Selling, Hassan Sharif, Marinka Vårstrand.</p>",NA,NA,NA,NA,NA,NA,NA,NA,NA,NA,NA,NA,2020-05-13,2020-05-13,2022-04-08,NA,NA,4,NA,0,NA,NA,NA,NA,NA,TRUE,NA,NA,NA
1384557,"Lindqvist, Beatriz [shbzlt] [0000-0002-1347-6476] (Södertörns högskola [481], Institutionen för historia och samtidsstudier [11802], Etnologi [11806]) (Södertörns högskola [481], Lärarutbildningen [873601])",Förskolans utvecklingssamtal : Om motstridiga logiker i ett institutionaliserat möte,Artikel i tidskrift,Refereegranskat,swe,Kulturella perspektiv - Svensk etnologisk tidskrift,1102-7908,NA,published,NA,3-4,NA,35,44,2019,NA,NA,Umeå,Föreningen Kulturella perspektiv,NA,NA,NA,NA,https://www.umu.se/globalassets/organisation/fakulteter/humfak/institutionen-for-kultur--och-medievetenskaper/forskning/kp/kp-nr3---4--2019-webversion.pdf,NA,NA,NA,NA,NA,urn:nbn:se:sh:diva-39774,NA,NA,Förskolan;motstridiga logiker;utvecklingssamtal;utveckling och lärande,Etnologi (60503);Utbildningsvetenskap (503),Historical Studies;Studies in the Educational Sciences,NA,NA,"<p>The article discusses how conflicting logics emanated from different discourses are articulated in parent-teacher conferences in a Swedish preschool. Preschool teachers' reporting of collective learning processes is interrupted by parents' demands for information about their child's individual performance. When parents act as customers in the preschool meeting, pedagogical matters tend to capitulate for the preschool's need to assert itself in a market. The educators express an ambtion to fulfill educational goals. However, in the meetings with parents they are forced to reconcile contradictory logics that intersect preschool as institution in a increasingly competitive education market.</p>",NA,NA,NA,NA,NA,NA,NA,NA,NA,NA,NA,NA,2020-01-10,2020-01-10,2022-03-04,http://sh.diva-portal.org/smash/get/diva2:1384557/FULLTEXT01.pdf,Östersjöstiftelsen [29/2013],1,NA,1,NA,NA,NA,NA,NA,TRUE,TRUE,NA,NA
1481937,"Samuelsson, Robin [shrnsn15] [0000-0002-8110-6506] (Södertörns högskola [481], Institutionen för kultur och lärande [11809], Svenska [11820]) (Södertörns högskola [481], Lärarutbildningen [873601])",Guiding Preschool Play for Cultural Learning : Preschool Design as Cultural Niche Construction,Artikel i tidskrift,Refereegranskat,eng,Frontiers in Psychology,NA,1664-1078,published,11,NA,NA,NA,NA,2020,NA,NA,NA,Frontiers Media S.A.,NA,NA,NA,NA,https://www.ncbi.nlm.nih.gov/pmc/articles/PMC7554243/,NA,10.3389/fpsyg.2020.545846,000578778100001,33101121,2-s2.0-85092724926,urn:nbn:se:sh:diva-42129,3936-3.1.1-2019/1,NA,cultural affordances;cultural learning;cultural niche construction;early childhood education;environment;guided play;play;preschool,Utbildningsvetenskap (503),Studies in the Educational Sciences,The Possibilities and Limits of Play,NA,"<p>This paper explores how preschools can be purposefully designed to aid cultural learning through guided play practices. In recent literature, there has been a renowned interest in the role of the exogenous environment in psychological processes, including learning. The idea that the design of preschools can meaningfully be seen as cultural niche construction and that guided play practices in these environments can aid the preparation for cultural action is promoted, and a theoretical framework is presented. The empirical data draw from a synthesis from three ethnographic research sites in multilingual communities, and data are used to explore how cultural affordances are used in designed environments as part of guided play practices. The results indicate how niche construction of affordances aid cultural learning and is achieved through both direct guided play interaction between teachers and children and also in the way of the indirect design of environments that is incorporated in children’s peer play. It is discussed what this means for play research as well as for guided play practices that aim to promote cultural learning.</p>",NA,NA,NA,NA,NA,NA,NA,NA,NA,NA,NA,NA,2020-10-27,2020-10-27,2022-02-10,http://sh.diva-portal.org/smash/get/diva2:1481937/FULLTEXT01.pdf,NA,1,NA,1,NA,NA,NA,NA,545846,TRUE,TRUE,NA,NA
1520217,"Magnusson, Jenny [shjymn08] [0000-0002-0280-9095] (Södertörns högskola [481], Institutionen för kultur och lärande [11809], Svenska [11820]) (Södertörns högskola [481], Lärarutbildningen [873601]);Zackariasson, Maria [shmazn09] [0000-0002-0223-8739] (Södertörns högskola [481], Institutionen för historia och samtidsstudier [11802], Etnologi [11806]) (Södertörns högskola [481], Lärarutbildningen [873601])",Handledning i praktiken : Om studenters självständighet och akademiska litteracitet,Bok,Övrigt vetenskapligt,swe,NA,NA,NA,NA,NA,NA,NA,NA,NA,2021,1,224,Lund,Studentlitteratur AB,NA,NA,NA,9789144136424,https://www.studentlitteratur.se/kurslitteratur/hogskolepedagogik/handledning/handledning-i-praktiken/,NA,NA,NA,NA,NA,urn:nbn:se:sh:diva-43649,NA,NA,NA,Utbildningsvetenskap (503);Etnologi (60503);Språk och litteratur (602),Studies in the Educational Sciences;Historical Studies;Critical and Cultural Theory,NA,NA,"<p>Handledning av självständiga arbeten är en omfattande pedagogisk verksamhet inom högre utbildning och ingår i de flesta universitetslärares undervisningsvardag. Samtidigt är uppsatshandledning på många sätt speciell. Exempelvis ställs det höga krav på studenters självständighet, samtidigt som handledaren får en tätare och mer långvarig relation till studenten än normalt. Dessa speciella villkor ställer handledaren inför nya frågor och utmaningar:</p><p>• Hur kan jag stötta studenten i uppsatsarbetet och samtidigt uppmuntra självständighet? </p><p>• Var drar jag gränsen mellan en professionell och en mer personlig handledningsrelation? </p><p>• Hur mycket kan jag berömma och bekräfta studenten när det är en examinator som sätter betyg?</p><p>I den här boken ligger fokus på hur handledning ser ut och fungerar i praktiken. Genom exempel från verkliga handledningssituationer och teoretisk diskussion av dessa, behandlas handledares uppfattningar om självständighet, relationen mellan handledare och student, känslornas betydelse i handledningsprocessen, olika handledningsverktyg för självständighet, och handledarens roll som bedömare.</p><p>Handledning i praktiken kan användas i handledningskurser inom högskolan, men också som underlag för kollegiala diskussioner av frågor relaterade till handledning och uppsatsskrivande. </p>",NA,NA,NA,NA,NA,NA,NA,NA,NA,NA,NA,NA,2021-01-20,2021-01-20,2021-01-22,NA,Östersjöstiftelsen [2015/3.1.1/1423],2,NA,1,NA,NA,NA,NA,NA,TRUE,NA,NA,NA
1301663,"Zackariasson, Maria [shmazn09] [0000-0002-0223-8739] (Södertörns högskola [481], Institutionen för historia och samtidsstudier [11802], Etnologi [11806]) (Södertörns högskola [481], Lärarutbildningen [873601])",’I feel really good now!’ : Emotions and independence in undergraduate supervision,Artikel i tidskrift,Refereegranskat,eng,Learning and Teaching,1755-2273,1755-2281,published,11,3,NA,1,24,2018,NA,NA,NA,Berghahn Books,NA,NA,NA,NA,NA,NA,10.3167/latiss.2018.110303,000462085500003,NA,2-s2.0-85063607853,urn:nbn:se:sh:diva-37939,2015/3.1.1/1423,NA,higher education;student independence;degree projects;undergraduate supervision;emotions;didactic tools,Etnologi (60503);Utbildningsvetenskap (503),Studies in the Educational Sciences;Historical Studies,NA,NA,"<p>Within Swedish higher education, there is an explicit focus on the importance of independence, not least in relation to degree projects, which makes it a significant issue within supervision. What student independence comprises and how it may be achieved, however, is rarely discussed, even though the expectations of independence may be a stressful aspect of degree projects for students.<strong> </strong>This article examines the role emotions may play in undergraduate supervision in relation to student independence, through analysing recorded supervision meetings and focus group interviews with supervisors. Based in a theoretical framework centred on the concepts affective practices, anticipated emotions and anticipatory emotions, it discusses how supervisors handled students’ expressions of fear and anxiety, joy and relief, and how anticipated emotions could be used as a didactic tool.</p>",NA,NA,NA,NA,NA,NA,NA,NA,NA,NA,NA,NA,2019-04-02,2019-04-02,2019-08-12,http://sh.diva-portal.org/smash/get/diva2:1301663/FULLTEXT01.pdf,Östersjöstiftelsen [73/2015],1,NA,1,NA,NA,NA,NA,NA,TRUE,NA,NA,NA
1515605,"Mutvei, Ann [shanmz] (Södertörns högskola [481], Institutionen för naturvetenskap, miljö och teknik [11831], Matematikens didaktik [15800]);Tobieson, Ulrika [shuatn11] (Södertörns högskola [481], Lärarutbildningen [873601], Lärarutbildning och Estetiska lärprocesser [886703]);Mattsson, Jan-Eric [sh99jcmn] (Södertörns högskola [481], Institutionen för naturvetenskap, miljö och teknik [11831])",Imagination; Where Science Formulate Different Hypothesis And Explanations Helping The Understanding Of The Language And Soul Of Chemistry,Konferensbidrag,Refereegranskat,eng,NA,NA,NA,NA,Part 3,NA,Proceedings of ESERA 2019 : The Beauty and Pleasure of Understanding: Engaging with ContemporaryChallenges Through Science Education,401,408,2020,NA,NA,Bologna,ALMA MATER STUDIORUM – University of Bologna,NA,NA,NA,978-88-945874-0-1,https://www.esera.org/publications/esera-conference-proceedings/esera-2019,NA,NA,NA,NA,NA,urn:nbn:se:sh:diva-43087,NA,NA,knowledge construction;aesthetic learning process;reflection,Naturvetenskap (1);Utbildningsvetenskap (503),Environmental Studies;Studies in the Educational Sciences,NA,NA,"<p>New understanding is realized by creative learning where students are involved in meaningful learning, ownership of learning, control of learning processes and innovation. In order to produce learning situations where creative learning is achieved, teachers have to create trustful atmospheres where students are allowed to think and discuss without critical evaluation from the teacher. It is also important to create practical exercises in which theoretical models are processed and connected to observations and subject matter. During several years we have developed courses in science with the goal to promote students to become independent learners and explorers out of their own prerequisites as future professional teachers. We have investigated different methods and designs of teaching; conceptual understanding and conceptual change theory, discourse-based understanding and Dewey’s view of learning. In this study we are focusing on exploring the variation of students creative learning through a chemistry course. Permitting the particulate subject matter of chemistry to demonstrate as universal dramaturgical framework for conceptual learning and embodied experience. Chemistry involves considerable amounts of abstract conceptual thinking, molecular understanding and language. The focus of our study is the exploration of how conceptual abstract molecular understanding of phenomena in nature emerges through different teaching approaches, and imagination transformed into universal understanding, which provides the students with a sense of empowerment and a positive outlook on their future profession as teachers.</p>",NA,NA,NA,NA,NA,NA,NA,NA,NA,NA,NA,NA,2021-01-10,2021-01-10,2022-04-08,http://sh.diva-portal.org/smash/get/diva2:1515605/FULLTEXT02.pdf,NA,3,NA,0,NA,publishedPaper,"ESERA 2019, Bologna, August 26-30, 2019.",NA,NA,TRUE,TRUE,NA,NA
1412901,"Fredricson Flodin, Fia [shfafn11] (Södertörns högskola [481], Lärarutbildningen [873601], Lärarutbildning och Estetiska lärprocesser [886703])",Interkulturalitet och improvisation : att genom dansimprovisation synliggöra ochundersöka interkulturella spänningsfält,"Kapitel i bok, del av antologi",Övrigt vetenskapligt,swe,NA,NA,NA,NA,NA,NA,Perspektiv på interkulturalitet,69,83,2020,NA,NA,Huddinge,Södertörns högskola,Södertörn Studies in Education ; 3,NA,NA,978-91-88663-89-4,http://urn.kb.se/resolve?urn=urn:nbn:se:sh:diva-39810,NA,NA,NA,NA,NA,urn:nbn:se:sh:diva-40344,NA,NA,NA,Utbildningsvetenskap (503);Konst (604),Studies in the Educational Sciences,NA,NA,NA,NA,NA,NA,NA,NA,NA,NA,NA,NA,NA,NA,NA,2020-03-09,2020-03-09,2022-04-08,http://sh.diva-portal.org/smash/get/diva2:1412901/FULLTEXT01.pdf,NA,1,NA,0,NA,NA,NA,NA,NA,TRUE,TRUE,NA,NA
1429957,"Selling, Jan [shjnsg16] [0000-0001-7386-3462] (Södertörns högskola [481], Institutionen för kultur och lärande [11809], Pedagogik [11818]) (Forum för romska studier);Lindqvist, Anna [shaalt04] (Södertörns högskola [481], Lärarutbildningen [873601], Lärarutbildning och Estetiska lärprocesser [886703]) (Forum för romska studier);Jahanmahan, Farhad [shfdjn08] (Södertörns högskola [481], Institutionen för kultur och lärande [11809], Pedagogik [11818]) (Forum för romska studier);Mjöberg Lauritzen, Solvor [somj19] [0000-0003-1357-775x] (Södertörns högskola [481], Institutionen för kultur och lärande [11809], Pedagogik [11818]) (Forum för romska studier)",Introduktion,"Kapitel i bok, del av antologi",Övrigt vetenskapligt,swe,NA,NA,NA,NA,NA,NA,Från interkulturell pedagogik till romska studier : En festskrift för Christina Rodell Olgaç,7,11,2020,200,NA,Nässjö,Östkultur förlag,NA,NA,NA,978-91-519-5180-5,NA,NA,NA,NA,NA,NA,urn:nbn:se:sh:diva-40681,NA,NA,NA,Pedagogik (50301),NA,NA,NA,NA,NA,NA,NA,NA,NA,NA,NA,NA,NA,NA,NA,NA,2020-05-13,2020-05-13,2022-04-08,NA,NA,4,NA,0,NA,NA,NA,NA,NA,TRUE,NA,NA,NA
1412851,"Zackariasson, Maria [shmazn09] [0000-0002-0223-8739] (Södertörns högskola [481], Institutionen för historia och samtidsstudier [11802], Etnologi [11806]) (Södertörns högskola [481], Lärarutbildningen [873601])","Kris i högre utbildning? Skrivande, breddad rekrytering och förmågan att navigera mellan olika epistemologiska fält",Artikel i tidskrift,Refereegranskat,swe,Kulturella perspektiv - Svensk etnologisk tidskrift,1102-7908,NA,published,29,1-2,NA,39,45,2020,NA,NA,NA,Föreningen Kulturella Perspektiv,NA,NA,NA,NA,https://www.umu.se/globalassets/organisation/fakulteter/humfak/institutionen-for-kultur--och-medievetenskaper/forskning/kp/kp-nr-1-2-2020---for-webben.pdf,NA,NA,NA,NA,NA,urn:nbn:se:sh:diva-40340,NA,NA,higher education;class;widening participation;academic literacies,Etnologi (60503);Utbildningsvetenskap (503),Historical Studies,NA,NA,"<p>This article uses examples from the media debate on higher education in Sweden, as well as from a research project on independence in higher education, to discuss the significance of class and social background in relation to higher education. The article takes as its starting point how higher education in the media debate tends to be described as being in a severe crisis, and how the roots of the perceived problems in higher education are described to lie in deficits or incompetence of the individual students, but also within higher education itself. The discussion of what role class and social background may play in this, relates these examples to the assignment given to Swedish higher education institutions to promote widening participation and to the claims within the field of <em>academic literacies</em> that academic writing is not only a question of writing skills as such, but also a question of epistemological understandings, meaning making, and students’ background, identity and self-perception.</p>",NA,NA,NA,NA,NA,NA,NA,NA,NA,NA,NA,NA,2020-03-09,2020-03-09,2020-05-26,NA,Östersjöstiftelsen [73/2015],1,NA,1,NA,NA,NA,NA,NA,TRUE,TRUE,NA,NA
1429363,"Zackariasson, Maria [shmazn09] [0000-0002-0223-8739] (Södertörns högskola [481], Institutionen för historia och samtidsstudier [11802], Etnologi [11806]) (Södertörns högskola [481], Lärarutbildningen [873601])",Kun kaikki ei menekään niin kuin piti : Syylisyyden tunne ja häpeä tutkielmaohjauksessa [När det inte blir som man tänkt sig: Skuld och skam i uppsatshandledning],"Kapitel i bok, del av antologi",Refereegranskat,fin,NA,NA,NA,NA,NA,NA,Afektit ja tunteet kulttuurin tutkimuksessa [Affects and emotions in cultural research],275,309,2020,NA,NA,Helsingfors,Ethnos,Ethnos-toimite ; 22,0357-511X,NA,978-952-68509-5-5;978-952-68509-6-2,https://doi.org/10.31885/9789526850962,NA,NA,NA,NA,NA,urn:nbn:se:sh:diva-40672,NA,NA,NA,Utbildningsvetenskap (503);Etnologi (60503),Historical Studies;Studies in the Educational Sciences,NA,NA,NA,NA,NA,NA,NA,NA,NA,NA,NA,NA,NA,NA,NA,2020-05-11,2020-05-11,2021-03-15,http://sh.diva-portal.org/smash/get/diva2:1429363/FULLTEXT01.pdf,Östersjöstiftelsen [73/2015],1,NA,0,NA,NA,NA,NA,NA,TRUE,TRUE,NA,NA
1462499,"Moerman, Paul [shplmn07] [0000-0001-6507-3399] (Södertörns högskola [481], Lärarutbildningen [873601], Lärarutbildning och Estetiska lärprocesser [886703]) (University of Jyväskylä, Finland)","Letting Art Teach Aesthetics, Math and Language",Konferensbidrag,Refereegranskat,eng,NA,NA,NA,NA,NA,NA,"Bridges 2020 : Mathematics, Art, Music, Architecture, Education, Culture : Conference Proceedings",313,320,2020,NA,8,Helsinki,"Phoenix, Tesselations",The Bridges Archives,1099-6702,NA,9781938664366,http://archive.bridgesmathart.org/2020/bridges2020-313.html,NA,NA,NA,NA,NA,urn:nbn:se:sh:diva-41768,NA,NA,Art Education;Math Education;Language Education;Aesthetic Experience;Aesthetic Literacy;Numeracity,Didaktik (50302);Teatervetenskap (60409);Bildkonst (60401);Musik (60402),Studies in the Educational Sciences,NA,NA,"<p>This papers presents a practical work model as well as an educational theory discussion on the status and potential of art work in teaching and learning math in early childhood education. The central idea is to let the child’s free creative art activity reveal, or “teach”, whatever mathematical thinking was inherent in the creative process. Paying careful attention to art and math adequate language in “meta talks” with children about their art work, is found to be a rich tool in enhancing the young learner’s development of aesthetic, numeric and linguistic literacies in gainful interplay. A field study in preschool teacher education is reviewed, including a mapping of Alan Bishop’s [2] mathematical activities in doing art work, and an interpretation of the work model in line with John Dewey’s [5] and Gert Biesta’s [1] thinking on art as experience and art as education.</p>",NA,NA,NA,NA,NA,NA,NA,NA,NA,NA,NA,NA,2020-08-30,2020-08-30,2022-04-08,http://sh.diva-portal.org/smash/get/diva2:1462499/FULLTEXT02.pdf,NA,1,NA,0,NA,publishedPaper,"The Bridges 2020 Conference on Mathematics, Art, Music, Architecture, Education, Culture, Aalto University, 1-5 August 2020",NA,NA,TRUE,TRUE,NA,NA
1645507,"Ambrose, Anna [shaaae19] [0000-0002-9101-3143] (Södertörns högskola [481], Lärarutbildningen [873601]);Ivemark, Biörn",Linjen mellan högstadiet och högre utbildning : En fallstudie om breddad rekrytering och breddat deltagande,Rapport,Övrigt vetenskapligt,swe,NA,NA,NA,NA,NA,NA,NA,NA,NA,2020,NA,128,Örebro,Örebro universitet,NA,NA,NA,NA,NA,NA,NA,NA,NA,NA,urn:nbn:se:sh:diva-48606,NA,NA,NA,Utbildningsvetenskap (503),Studies in the Educational Sciences,NA,NA,NA,NA,NA,NA,NA,NA,NA,NA,NA,NA,NA,NA,NA,2022-03-17,2022-03-17,2022-03-18,http://sh.diva-portal.org/smash/get/diva2:1645507/FULLTEXT02.pdf,NA,2,NA,0,NA,NA,NA,NA,NA,TRUE,NA,NA,NA
1614514,"Alzhanova-Ericsson, Alla T [shenaa08] [0000-0002-1104-6392] (Södertörns högskola [481], Institutionen för naturvetenskap, miljö och teknik [11831], Matematikens didaktik [15800]);Boberg, Karin [shknbg09] (Södertörns högskola [481], Lärarutbildningen [873601], Lärarutbildning och Estetiska lärprocesser [886703]);Björkman, Dawid (Södertörns högskola [481], Institutionen för naturvetenskap, miljö och teknik [11831]);Landwehr Sydow, Alfred (Södertörns högskola [481], Institutionen för naturvetenskap, miljö och teknik [11831]);Kelmendi, Behram (Södertörns högskola [481], Institutionen för naturvetenskap, miljö och teknik [11831]);Esso, Sleyman (Södertörns högskola [481], Institutionen för naturvetenskap, miljö och teknik [11831]);Ahnoff, Örjan (Södertörns högskola [481], Institutionen för naturvetenskap, miljö och teknik [11831]);Sundbäck, Sandra (Södertörns högskola [481], Institutionen för naturvetenskap, miljö och teknik [11831]);Dinnétz, Patrik [SHPKDZ07] [0000-0002-7043-9815] (Södertörns högskola [481], Institutionen för naturvetenskap, miljö och teknik [11831], Miljövetenskap [11837])","Multidisciplinary and Multimodal Approaches in Teaching and Learning Mathematics, Music and Language Based on the <em>Flipped Classroom</em> Model",Konferensbidrag,Refereegranskat,eng,NA,NA,NA,NA,NA,NA,"The 5th International Scientific and Practical Conference <em>Languages and Contemporary Problems of Education </em>[Язык и актуальные проблемы образования] : The International Academy of Pedagogical Educational Sciences and Moscow State Regional University, MGOU, Moscow, Russia. January 21-22, 2020 : Section 2. <em>Language and culture of speech: traditions and perspectives.</em><em> </em><em>Language training and speech culture of the teacher</em>",182,192,2020,NA,NA,"Moscow, Russia",The International Academy of Pedagogical Educational Sciences and Moscow State Regional University,NA,NA,NA,978-5-6043411-8-6,NA,NA,NA,NA,NA,NA,urn:nbn:se:sh:diva-47585,NA,NA,flipped classroom;preservice teachers;elementary school mathematics;music;language;multidisciplinary;multimodal,Utbildningsvetenskap (503),Studies in the Educational Sciences,"New Media, New Dream","<p>Язык и актуальные проблемы образования. Под редакцией Е.И. Артамоновой, О.С. Ушаковой. Материалы V Международной научно-практической конференции, Международная Академия Наук Педагогического Образования и Московский государственный областной университет, МГОУ Москва, Россия, 21-22 января 2020 года</p>","<p>Digitalization and multidisciplinary approach are the new trends in Teaching and Learning theory and practice. The article lays emphasis on mathematics teaching and learning knowledge, based on Action Research Theory, New Learning Theory and Variation Theory. Preservice early elementary school teachers created audiovisual video films (AV) and Podcasts (PD) lessons integrating Mathematics, Music and Language during a university course in teacher education. These multidisciplinary lessons were used as intelligent tutors in a flipped classroom model. The lessons are dealing with proportionality, one of the most difficult items in elementary school mathematical curriculum. For explaining proportionality, the preservice teachers have used multiple representations such as manipulatives, fiction stories, videogame Minecraft, “Smash up” in tennis table, musical intervals, self-composed, self-written and self-performed songs about mathematical rules in easy to remember rap-style. Preservice teachers have shown their AV or PD lessons to elementary school students followed by joint discussions and exercisers in solving of mathematical problems. Preservice teachers analyzed their work in an essay-form report describing creation of their intelligent tutors for elementary school students’ knowledge development in mathematics, music and language, including pronunciation, explanation and understanding of mathematical terminology. The multipart flipped classroom approach promoted prospective teachers’ professional growth. For future analysis the described multipart flipped classroom model can be further developed in international collaboration.</p>",NA,NA,NA,NA,NA,NA,NA,NA,NA,NA,NA,NA,2021-11-25,2021-11-25,2022-04-08,http://sh.diva-portal.org/smash/get/diva2:1614514/FULLTEXT02.pdf,Östersjöstiftelsen,9,NA,0,NA,publishedPaper,"5th International Scientific and Practical Conference Languages and Contemporary Problems of Education. Moscow, Russia. January 21-22, 2020.",NA,NA,TRUE,NA,NA,NA
1529479,"Sorgenfrei, Simon [shsnsi08] [0000-0002-2206-238x] (Södertörns högskola [481], Institutionen för historia och samtidsstudier [11802], Religionsvetenskap [11808]) (Södertörns högskola [481], Institutionen för historia och samtidsstudier [11802], Institutet för forskning om mångreligiositet och sekularitet (IMS) [884751]);Thurfjell, David [shddtl02] [0000-0002-6976-8435] (Södertörns högskola [481], Institutionen för historia och samtidsstudier [11802], Religionsvetenskap [11808]) (Södertörns högskola [481], Institutionen för historia och samtidsstudier [11802], Institutet för forskning om mångreligiositet och sekularitet (IMS) [884751]);Bergdahl, Lovisa [shlabl10] [0000-0001-8791-2528] (Södertörns högskola [481], Institutionen för kultur och lärande [11809], Pedagogik [11818]);Bergkvist, Martin [shmnbt17] (Södertörns högskola [481], Institutionen för polisiärt arbete [884752]);Berglund, Jenny [shjybd05] [0000-0002-9865-1869] (Stockholms universitet);Borevi, Karin [shknbi14] [0000-0002-5662-3579] (Södertörns högskola [481], Institutionen för samhällsvetenskaper [11822], Statsvetenskap [11830]);Ekdahl, Yassin;Gunnarsson, David [shddgn09] [0000-0002-3848-0869] (Södertörns högskola [481], Institutionen för historia och samtidsstudier [11802], Etnologi [11806]);Hagevi, Magnus [0000-0003-0404-9496] (Linnéuniversitetet);Kuusisto, Arniika [0000-0002-6085-576X] (Stockholms universitet);Larsson, Göran [0000-0003-3343-6380] (Göteborgs universitet);Middlemiss Lé Mon, Martha [0000-0002-8710-3162] (Uppsala universitet);Mondaca, Margarita [0000-0003-1575-2582] (Karolinska Institutet);Nilsson, Staffan [shsnnn05] (Södertörns högskola [481], Institutionen för historia och samtidsstudier [11802], Religionsvetenskap [11808]);Nordin, Magdalena (Göteborgs universitet);Rasoal, Chato [shcorl19] (Södertörns högskola [481], Institutionen för polisiärt arbete [884752]);Rostami, Amir [0000-0003-0973-3481] (Stockholms universitet);Sarwar, Farhan [shfnsr18] (Södertörns högskola [481], Institutionen för polisiärt arbete [884752]);Ståhle, Göran [shgnse07] (Södertörns högskola [481], Institutionen för historia och samtidsstudier [11802], Religionsvetenskap [11808]);Talén, Peder (Högskolan i Gävle);Vikdahl, Linda [shlavl15] [0000-0002-0981-2430] (Södertörns högskola [481], Institutionen för historia och samtidsstudier [11802], Religionsvetenskap [11808]);Weinryb, Noomi [shniwb15] [0000-0003-1477-2493] (Södertörns högskola [481], Institutionen för samhällsvetenskaper [11822], Offentlig förvaltning [884753]);Wieslander, Malin [0000-0002-7877-4669] (Linköpings universitet);Yourstone, Jenny (Center mot våldsbejakande extremism);Zackariasson, Maria [shmazn09] [0000-0002-0223-8739] (Södertörns högskola [481], Institutionen för historia och samtidsstudier [11802], Etnologi [11806]) (Södertörns högskola [481], Lärarutbildningen [873601]);Zillen, Kavot [0000-0001-5878-7756] (Stockholms universitet);Åström, Karin [0000-0002-9305-7887] (Umeå universitet)","Mångreligiositet och sekularitet i svenskt polisväsende, vård, skola och offentlig förvaltning : en forskningsöversikt",Rapport,Övrigt vetenskapligt,swe,NA,NA,NA,NA,NA,NA,NA,NA,NA,2021,NA,67,Huddinge,Södertörns högskola,IMS rapportserie ; 1,NA,NA,NA,NA,NA,NA,NA,NA,NA,urn:nbn:se:sh:diva-44285,NA,NA,Religion;mångreligiositet;mångkultur;sekularitet;IMS;polis;skola;vård;förvaltning,Religionsvetenskap (60303),NA,NA,NA,"<p>Under de senaste decennierna har Sverige genomgått stora demografiska och politiska förändringar. Tillsammans har dessa inneburit att Sverige idag samtidigt är ett av Europas mest sekulariserade och mest mångreligiösa länder. Den snabba demografiska förändring Sverige har genomgått har ställt många inför nya, stora och i vissa fall skyndsamma kunskapsbehov samtidigt är forskningen om situationen delvis eftersatt. I denna rapport identifieras hur den nya situationen relaterar till det lagstadgade uppdrag som svenskt polisväsende, vård, skola och offentlig förvaltning har. Den forskning som gjorts inom dessa områden sammanfattas och de viktigaste forskningsbehoven identifieras.</p>",NA,NA,NA,NA,NA,NA,NA,NA,NA,NA,NA,NA,2021-02-18,2021-02-18,2021-02-19,http://sh.diva-portal.org/smash/get/diva2:1529479/FULLTEXT01.pdf,NA,27,NA,0,NA,NA,NA,NA,NA,TRUE,NA,NA,NA
1047186,"Ledin, Per [shprln13] [0000-0002-3176-7226] (Södertörns högskola [481], Institutionen för kultur och lärande [11809], Svenska [11820]);Samuelsson, Robin [shrnsn15] [0000-0002-8110-6506] (Södertörns högskola [481], Institutionen för kultur och lärande [11809], Svenska [11820]) (Södertörns högskola [481], Lärarutbildningen [873601])",Play and imitation : Multimodal interaction and second language development in preschool,Artikel i tidskrift,Refereegranskat,eng,"Mind, culture and activity",1074-9039,1532-7884,published,24,1,NA,18,31,2017,NA,NA,NA,Taylor & Francis,NA,NA,NA,NA,NA,NA,10.1080/10749039.2016.1247868,000395201900003,NA,2-s2.0-84995379858,urn:nbn:se:sh:diva-31171,NA,NA,multimodality;embodiment;preschool play;second language development;interaction;affordances,Studier av enskilda språk (60202);Psykologi (exklusive tillämpad psykologi) (50101);Utbildningsvetenskap (503);Didaktik (50302);Lärande (50303);Pedagogik (50301),Other research area,NA,NA,"<p>This paper targets the multimodal character of children’s play and its potential for scaffolding second language development. We follow children who are newcomers to a Swedish preschool, and analyze their interactions. Play is, we argue, based on rules or tacit agreements between children, originating in the human capacity of imitation, and creates an opportunity to test out cultural patterns. Despite their limited language abilities, the children naturally engage in bodily play interactions where different objects are deployed. This can potentially underpin second language development, not least when a child or teacher with better Swedish language proficiency participates.</p>",NA,NA,NA,NA,NA,NA,NA,NA,NA,NA,NA,NA,2016-11-16,2016-11-16,2019-04-29,NA,NA,2,NA,1,urn:nbn:se:sh:diva-38083,NA,NA,NA,NA,TRUE,NA,NA,NA
1307799,"Samuelsson, Robin [shrnsn15] [0000-0002-8110-6506] (Södertörns högskola [481], Institutionen för kultur och lärande [11809], Svenska [11820]) (Södertörns högskola [481], Lärarutbildningen [873601])","Play, Culture and Learning : Studies of Second-Language and Conceptual Development in Swedish Preschools","Doktorsavhandling, sammanläggning",Övrigt vetenskapligt,eng,NA,NA,NA,NA,NA,NA,NA,NA,NA,2019,NA,198,Huddinge,Södertörns högskola,Södertörn Doctoral Dissertations ; 163,1652-7399,1652-7399,978-91-88663-65-8;978-91-88663-66-5,NA,NA,NA,NA,NA,NA,urn:nbn:se:sh:diva-38083,NA,NA,early childhood education;ECEC;preschool;play;affordances;embodiment;multimodal;interaction;second-language development;conceptual development;culture;cultural affordances;digital tools;artefacts;perception;förskola;förskolepedagogik;didaktik;förskola;lek;affordanser;kroppslighet;multimodalitet;interaktion;andraspråksutveckling;begreppsutveckling;kultur;kulturella affordanser;digitala redskap;artefakter;perception,Didaktik (50302);Lärande (50303);Tillämpad psykologi (50102);Kommunikationsvetenskap (50802);Mänsklig interaktion med IKT (50803),Studies in the Educational Sciences,NA,NA,"<p>This dissertation studies how second-language and conceptual development emerge through interactions in Swedish preschool environments. It studies how types of interaction, such as play, can scaffold children toward such developments.</p><p>The studies view interaction as multimodal and embodied and it is examined how children come to use and develop their second language or understanding of abstract concepts, through a range of communicative means other than language.</p><p>The data collection has been carried out in two separate periods. The first field-work followed two newcomer children developing a second language and the second field-work was conducted with a group of children during a project about spinning.</p><p>The results concerning second-language development show how children can engage in play activity even before they share a common language, and that this can be afforded by the character of play activity as based on rules and tacit understanding of relevant cultural patterns. Teachers also engage in so called guided play, that affords scaffolding for children. Play activities in the preschool function as an arena for children to interact, imitate the cultural rules and patterns around them and emergingly use their second language. Moreover, the preschools are structured for children’s participation through their cultural pattern and imitable structures, and that these affordances can be used by children in their play.</p><p>The results concerning conceptual development builds on the notion that children develop in relation with cultural tools and artefacts and that this is a highly perceptual and embodied process. It is exemplified how preschool’s provide environment and activities that can afford conceptual development, not least through use of digital tools, which also allows teachers to appropriate children’s play worlds to a pedagogical project. The teacher’s scaffolding interactions and use of the affordances of tools and the environment enable children to reason about the concepts in more conceptually conscious ways.</p><p>The overall conclusions of the thesis point to the importance of non-verbal and environmental resources in children’s development of a second language and abstract concepts. On these grounds, the thesis suggests a novel way to view scaffolding, by including the environmental affordances to this otherwise social process.</p>;<p>Den här avhandlingen undersöker hur andraspråks- och begreppsutveckling kan uppstå genom interaktion i förskolans miljöer, specifikt studerar avhandlingen hur olika typer av interaktion, som leken, kan stötta barn.</p><p>Studierna bygger på en syn där interaktion ses som multimodal och kroppsligt förankrad och ett analytiskt fokus riktas mot hur andraspråks- och begreppsutveckling kan ske med hjälp av andra kommunikativa resurser än talspråket.</p><p>Datainsamlingen har skett under två separata perioder. Det första fältarbetet följde två nyanlända barn som börjat utveckla andraspråket svenska och under den andra perioden följdes en förskolegrupp under ett naturprojekt om snurrande.</p><p>Resultaten rörande andraspråksutveckling visar hur barn kan delta i lek redan innan de delar ett gemensamt språk. Detta möjliggörs genom lekens regelbundna karaktär och att barn taktilt kan förstå kulturella regler genom interaktion. Lärarna deltar även i så kallad guidad lek, som möjliggör stöttning av barnen. Lekaktiviteterna fungerar som en mötesplats där barn kan interagera, imitera kulturella regler och mönster, något som understödjer ett framväxande användande av andraspråket. Förskolans stukturerade dagar och mijöer visar sig vara möjliggörande för barns deltagande. Dessutom återanvänds dessa kulturella strukturer av barnen i lek.</p><p>Resultaten rörande begreppsutveckling bygger på att barn kan utvecklas i relation till andra, men även kulturella redskap och artefakter och det visas att detta sker på kroppsliga sätt. Förskolans miljöer erbjuder upplevelser av begreppen för barnen, genom att fysiska och digitala artefakter. När lärare använder dessa redskap i aktiviteter kan även barnen stöttas mot att förstå sina upplevelser på ett mer begreppsbaserat sätt.</p><p>Avhandlingens slutsatser pekar mot betydelsen av icke-verbala resurser då barn lär sig andraspråk och om abstrakta begrepp. Ur detta läggs ett nytt sätt att se på stöttning fram, som inkluderar miljön och kroppsliga resursers betydelse för denna sociala process.</p>","Aronsson, Karin, Professor at the Department of Child and Youth Studies","Ledin, Per, Professor (Södertörns högskola [481], Institutionen för kultur och lärande [11809], ;;;Svenska [11820])Hållsten, Stina, PhD (Södertörns högskola [481], Institutionen för kultur och lärande [11809], ;;;Svenska [11820])",NA,NA,NA,NA,NA,NA,NA,"MB503, Alfred Nobels Allé 7, Huddinge",swe,2019-06-05T13:00:00Z,2019-04-29,2019-05-14,2019-05-22,http://sh.diva-portal.org/smash/get/diva2:1307799/FULLTEXT01.pdf,NA,1,NA,0,NA,NA,NA,NA,NA,TRUE,NA,NA,NA
1261438,"Zackariasson, Maria [shmazn09] [0000-0002-0223-8739] (Södertörns högskola [481], Institutionen för historia och samtidsstudier [11802], Etnologi [11806]) (Södertörns högskola [481], Lärarutbildningen [873601])","[Recension av] Birgitta Theander: <em>Till arbetet! Yrkesdrömmar och arbetsliv i flickboken 1920-1965.</em> : Makadam förlag, Göteborg/Stockholm 2017. 393 s. ill. ISBN 978-91-7061-243-5.","Artikel, recension",Övrigt vetenskapligt,swe,RIG: Kulturhistorisk tidskrift,0035-5267,2002-3863,published,NA,2-3,NA,183,185,2018,NA,NA,NA,NA,NA,NA,NA,NA,https://journals.lub.lu.se/rig/article/view/19869/17944,NA,NA,NA,NA,NA,urn:nbn:se:sh:diva-36712,NA,NA,NA,Etnologi (60503),NA,NA,NA,NA,NA,NA,NA,NA,NA,NA,NA,NA,NA,NA,NA,NA,2018-11-07,2018-11-07,2019-11-05,NA,NA,1,NA,1,NA,NA,NA,NA,NA,TRUE,TRUE,NA,NA
1545569,"Rodell Olgaç, Christina [shcarc03] (Södertörns högskola [481], Institutionen för kultur och lärande [11809], Pedagogik [11818]);Dimiter-Taikon, Angelina [shaadn13] (Södertörns högskola [481], Institutionen för kultur och lärande [11809], Pedagogik [11818]);Lindqvist, Anna [shaalt04] (Södertörns högskola [481], Lärarutbildningen [873601], Lärarutbildning och Estetiska lärprocesser [886703])",Romska modersmålslärare i högre utbildning : Pedagogiska utmaningar och möjligheter,"Kapitel i bok, del av antologi",Övrigt vetenskapligt,swe,NA,NA,NA,NA,NA,NA,Minoritetspedagogik i Norden,149,166,2021,1,NA,Vasa,Svensk-Österbottniska Samfundet,Kungl. Skytteanska samfundets handlingar : Acta Regiae Societatis Skytteanae ; 86,0560-2416,NA,978-952-69650-0-0;978-952-69130-9-4;978-91-89244-08-5,http://issuu.com/svensk-osterbottniskasamfundet/docs/minoritetspedagogik_i_norden__2_,NA,NA,NA,NA,NA,urn:nbn:se:sh:diva-44486,NA,NA,Roma;mother tongue teachers;Romani;Higher Education;Critical Intercultural Pedagogy;Critical Romani Studies;Antiziganism;Sweden;romer;modersmålslärare;romani chib;högre utbildning;kritisk interkulturell pedagogik;kritiska romska studier;antiziganism,Studier av enskilda språk (60202);Utbildningsvetenskap (503),Studies in the Educational Sciences,NA,<p>Bottniska studier: 7</p><p>Skrifter utgivna av Svensk-Österbottniska Samfundet (ISSN 0473-8063): 80</p><p>​</p><p></p><p></p><p></p>,"<p>Detta kapitel riktar sitt fokus mot en uppdragsutbildning av 25 modersmålslärare i romani chib, 11 kvinnor och 14 män från olika romska grupper, vars syfte var att stärka lärarnas kompetens inom professionen. De två frågor som artikeln diskuterar gäller hur de många språkliga varieteterna och variationerna mellan grupperna integrerats i utbildningen och vidare hur en kritisk interkulturell pedagogik kommit till uttryck i den. Det teoretiska ramverk som inspirerat utbildningen grundar sig i kritisk och interkulturell pedagogik samt vidare i kritiska romska studier, ett forskningsfält som utvecklats under senare år. I artikeln diskuteras några exempel på hur utbildningen bland deltagarna bidragit till en ökad förståelse av såväl den egna som andra romska varieteter och fördjupade kunskaper om de olika gruppernas historia och traditioner. Den romska historien med den förföljelse, flykt, marginalisering och antiziganism som minoriteten upplever än idag kopplas samman med specialpedagogiska frågeställningar gällande posttraumatiskt stressyndrom (PTSD) och sekundär traumatisering, frågor som sällan uppmärksammats i relation till romer men en angelägen kunskap för just modersmålslärare i mötet med romska barn och familjer. Vidare problematiseras relationen mellan romer och forskningen om dem genom exempel från två vetenskapliga konferenser i romska studier som lärarna deltog i. Avslutningsvis diskuteras frågan om det lärande som kan uppstå inom ramen för högre utbildning när romska studenter finns närvarande på campus och utmana rådande föreställningar om minoriteten samt möjliggöra interkulturella läroprocesser mellan både romer och icke-romer i högre utbildning. </p>;<p>This article concerns a commissioned course in higher education for 25 mother tongue teachers in Romani in Sweden. The aim of this two-year course, that combined studies and working as mother tongue teachers, was to strengthen their professional teaching competencies in their mother tongue as  well as in education. The two questions that the article is discussing concerns how the many language varieties of Romani as well as the variations in between the different Romani groups represented among the participants have been integrated into the course content. The theoretical framework draws from critical intercultural Pedagogy and critical Romani Studies. The article provides examples of how the course contributed to increased understanding of the different varieties of Romani spoken among the participants as well as increased knowledge about the history and traditions of the different groups. The Romani history with persecution, flight, marginalization and antiziganism experienced still today, was connected to educational issues related to Posttraumatic Stress Disorder (PTSD) and secondary traumatisation, issues that seldom are highlighted in relation to Roma, but important knowledge for mother tongue teachers in their contacts with Romani children and their families. Examples from two scientific conferences that the teachers participated in, highlight the traditional relationship between Roma and research from a critical perspective in Romani studies. The chapter concludes by focusing on how the presence of Romani students on campus may challenge some of the stereotypes and prejudices concerning this minority starting intercultural learning processes between Roma and non-Roma in Higher Education.</p><p> </p>",NA,NA,NA,NA,NA,NA,NA,NA,NA,NA,NA,NA,2021-04-19,2021-04-19,2022-04-08,NA,NA,3,NA,0,NA,NA,NA,NA,NA,TRUE,TRUE,NA,NA
1627683,"Zackariasson, Maria [shmazn09] [0000-0002-0223-8739] (Södertörns högskola [481], Institutionen för historia och samtidsstudier [11802], Etnologi [11806]) (Södertörns högskola [481], Lärarutbildningen [873601])","Rootless Youth. Review of Camilla Maartmann, <em>Rotløs ungdom. </em><em>En kulturhistorisk undersøkelse av hvordan femtitallets ungdom ble fremstilt og konstituert innenfor en kommunalpolitisk diskurs</em>","Artikel, recension",Övrigt vetenskapligt,eng,Ethnologia Scandinavica,0348-9698,0348-9698,published,51,NA,NA,295,298,2021,NA,NA,NA,Kungliga Gustav Adolfs Akademien,NA,NA,NA,NA,https://kgaa.bokorder.se/en-us/download/320590d2-cb9f-462a-807c-f13202a70762,NA,NA,NA,NA,NA,urn:nbn:se:sh:diva-47970,NA,NA,NA,Etnologi (60503),Historical Studies,NA,NA,NA,NA,NA,NA,NA,NA,NA,NA,NA,NA,NA,NA,NA,2022-01-14,2022-01-14,2022-02-14,NA,NA,1,NA,2,NA,NA,NA,NA,NA,TRUE,TRUE,NA,NA
1382026,"Tobieson, Ulrika [shuatn11] (Södertörns högskola [481], Lärarutbildningen [873601], Lärarutbildning och Estetiska lärprocesser [886703]);Mutvei, Ann [shanmz] (Södertörns högskola [481], Institutionen för naturvetenskap, miljö och teknik [11831], Matematikens didaktik [15800])",Science integrated with aesthetic expression for better understanding of science subject matter,Konferensbidrag,Refereegranskat,eng,NA,NA,NA,NA,NA,3,"Electronic Proceedings of the ESERA 2017 Conference : Research, practice and collaboration in science education",542,554,2019,NA,NA,"Dublin, Ireland",Dublin City University,NA,NA,NA,978-1-873769-84-3,https://www.esera.org/publications/esera-conference-proceedings/esera-2017,NA,NA,NA,NA,NA,urn:nbn:se:sh:diva-39680,NA,NA,aesthetic expression;integrating art with science;learning outcome,Didaktik (50302),NA,NA,NA,"<p>Teachers have to create a variation of learning situations to increase the understanding for theories andabstract models in science. We have experiences of combining aesthetic expression with science in pre-serviceteacher programme for more than ten years and have seen the benefits of embodying abstract theories withdance, art, music or drama and better understanding of science subject matter. The integration of science andaesthetic forms of expressions have support in the Swedish curriculum both for preschool and the compulsoryschool and it is therefore important to include exercises using aesthetic expression in the teacher educationprogram. The purpose of the workshop was to give examples of how art can be used to study phenomena inscience. The workshop was divided into three parts. In the first part the participants were doing differentexercises embodying concepts in physics and creating relations with each other. In the second part theparticipants in groups constructed a kinetic mobile. In the third part, the participants reflected and discussedtheir experience and understanding of phenomena during the workshop. Examples of assessments of theconstruction process were presented. Here we also present the planning and theoretical background to thework with aesthetic expression of science.</p>",NA,NA,NA,NA,NA,NA,NA,NA,NA,NA,NA,NA,2019-12-31,2019-12-31,2022-04-08,http://sh.diva-portal.org/smash/get/diva2:1382026/FULLTEXT01.pdf,NA,2,NA,0,NA,publishedPaper,"ESERA 2017 (European Science Education Research Association, Dublin, August 21-25, 2017.",NA,NA,TRUE,TRUE,NA,NA
1238294,"Magnusson, Jenny [shjymn08] [0000-0002-0280-9095] (Södertörns högskola [481], Institutionen för kultur och lärande [11809], Svenska [11820]) (Södertörns högskola [481], Lärarutbildningen [873601]);Zackariasson, Maria [shmazn09] [0000-0002-0223-8739] (Södertörns högskola [481], Institutionen för historia och samtidsstudier [11802], Etnologi [11806]) (Södertörns högskola [481], Lärarutbildningen [873601])",Student independence in undergraduate projects : different understandings in different academic contexts,Artikel i tidskrift,Refereegranskat,eng,Journal of Further and Higher Education,0309-877X,0013-1326,published,NA,10,NA,1404,1419,2019,NA,NA,NA,Routledge,NA,NA,NA,NA,NA,NA,10.1080/0309877X.2018.1490949,000489944100007,NA,2-s2.0-85051987013,urn:nbn:se:sh:diva-36042,2015/3.1.1/1423,NA,Higher education;undergraduate supervision;independence;Russia;Sweden;teacher education;journalism,Utbildningsvetenskap (503);Språk och litteratur (602),Studies in the Educational Sciences;Baltic and East European studies,NA,NA,"<p>Independence is a concept of scholarly interest in relation to higher education, especially when it comes to undergraduate projects. At the same time independence is characterised by a certain conceptual ambiguity, and, consequently, tends to be understood differently in different academic contexts, both nationally, internationally and interdisciplinary. Based on the existing research in the field, we see a need for more studies on how supervisors of undergraduate projects handle this conceptual ambiguity. The aim of this article is, thus, to examine how supervisors from two different education programmes, teacher education and journalism, in two different countries, Sweden and Russia, understand the concept of independence within higher education in connection with the supervision of undergraduate projects. The analysis is based on 12 focus-group interviews with supervisors at different universities in the two countries. In our results, we highlight and discuss seven different understandings of independence that were recurrent in our material and in which phases of the undergraduate project they were seen as most significant. Using Wittgenstein’s ideas on family resemblances, we conclude with a discussion of how the concept independence may be understood in relation to some associated concepts that are also significant within higher education.</p>",NA,NA,NA,NA,NA,NA,NA,NA,NA,NA,NA,NA,2018-08-13,2018-08-13,2020-03-09,http://sh.diva-portal.org/smash/get/diva2:1238294/FULLTEXT02.pdf,Östersjöstiftelsen [73/2015],2,NA,1,NA,NA,NA,NA,NA,TRUE,TRUE,NA,NA
